Population,Allele Count,Allele Number,Number of Homozygotes,Number of Heterozygotes,Homozygous Genotype Freq.,Heterozygous Genotype Freq.,Allele Frequency
Persian Gulf Islander,64,200,25,14,0.25,0.14,0.32
Baloch,57,202,24,9,0.2376,0.0891,0.2822
Persian,46,200,22,2,0.22,0.02,0.23
Mazani,44,200,22,0,0.22,0.0,0.22
Arab,42,204,18,6,0.1765,0.0588,0.2059
Zartoshti,36,200,15,6,0.15,0.06,0.18
Lur,27,200,11,5,0.11,0.05,0.135
Sistani,25,200,12,1,0.12,0.01,0.125
Azeri,23,200,10,3,0.1,0.03,0.115
Kurd,22,200,8,6,0.08,0.06,0.11
Turkmen,16,200,8,0,0.08,0.0,0.08
Gilaki,6,198,3,0,0.0303,0.0,0.0303
Total,408,2404,178,52,0.1480865224625624,0.043261231281198,0.1697
