Population,Allele Count,Allele Number,Number of Homozygotes,Number of Heterozygotes,Homozygous Genotype Freq.,Heterozygous Genotype Freq.,Allele Frequency
Mazani,50,200,25,0,0.25,0.0,0.25
Zartoshti,45,200,22,1,0.22,0.01,0.225
Sistani,44,200,22,0,0.22,0.0,0.22
Persian Gulf Islander,35,200,17,1,0.17,0.01,0.175
Baloch,32,202,16,0,0.1584,0.0,0.1584
Kurd,20,200,10,0,0.1,0.0,0.1
Gilaki,17,198,8,1,0.0808,0.0101,0.08586
Azeri,16,200,8,0,0.08,0.0,0.08
Turkmen,12,200,6,0,0.06,0.0,0.06
Persian,6,200,3,0,0.03,0.0,0.03
Arab,6,204,3,0,0.0294,0.0,0.02941
Lur,4,200,2,0,0.02,0.0,0.02
Total,287,2404,142,3,0.1181364392678868,0.0024958402662229,0.1194
