Population,Allele Count,Allele Number,Number of Homozygotes,Number of Heterozygotes,Homozygous Genotype Freq.,Heterozygous Genotype Freq.,Allele Frequency
Zartoshti,30,200,15,0,0.15,0.0,0.15
Sistani,25,200,11,3,0.11,0.03,0.125
Mazani,14,200,7,0,0.07,0.0,0.07
Gilaki,13,198,6,1,0.0606,0.0101,0.06566
Baloch,13,202,5,3,0.0495,0.0297,0.06436
Azeri,6,200,3,0,0.03,0.0,0.03
Arab,6,204,3,0,0.0294,0.0,0.02941
Persian Gulf Islander,5,200,2,1,0.02,0.01,0.025
Turkmen,5,200,2,1,0.02,0.01,0.025
Kurd,4,200,2,0,0.02,0.0,0.02
Lur,4,200,2,0,0.02,0.0,0.02
Persian,4,200,2,0,0.02,0.0,0.02
Total,129,2404,60,9,0.0499168053244592,0.0074875207986688,0.05366
