Population,Allele Count,Allele Number,Number of Homozygotes,Number of Heterozygotes,Homozygous Genotype Freq.,Heterozygous Genotype Freq.,Allele Frequency
Sistani,17,200,8,1,0.08,0.01,0.085
Baloch,15,202,7,1,0.0693,0.0099,0.07426
Mazani,14,200,7,0,0.07,0.0,0.07
Zartoshti,14,200,6,2,0.06,0.02,0.07
Turkmen,11,200,4,3,0.04,0.03,0.055
Persian Gulf Islander,9,200,4,1,0.04,0.01,0.045
Kurd,7,200,3,1,0.03,0.01,0.035
Azeri,6,200,3,0,0.03,0.0,0.03
Persian,6,200,3,0,0.03,0.0,0.03
Gilaki,4,198,2,0,0.0202,0.0,0.0202
Lur,4,200,2,0,0.02,0.0,0.02
Arab,4,204,2,0,0.0196,0.0,0.01961
Total,111,2404,51,9,0.0424292845257903,0.0074875207986688,0.04617
