Population,Allele Count,Allele Number,Number of Homozygotes,Number of Heterozygotes,Homozygous Genotype Freq.,Heterozygous Genotype Freq.,Allele Frequency
Gilaki,17,198,8,1,0.0808,0.0101,0.08586
Zartoshti,15,200,7,1,0.07,0.01,0.075
Baloch,12,202,4,4,0.0396,0.0396,0.05941
Sistani,8,200,4,0,0.04,0.0,0.04
Azeri,5,200,2,1,0.02,0.01,0.025
Kurd,5,200,2,1,0.02,0.01,0.025
Turkmen,5,200,2,1,0.02,0.01,0.025
Mazani,4,200,2,0,0.02,0.0,0.02
Persian,4,200,2,0,0.02,0.0,0.02
Arab,3,204,1,1,0.0098,0.0098,0.01471
Lur,2,200,1,0,0.01,0.0,0.01
Persian Gulf Islander,2,200,0,2,0.0,0.02,0.01
Total,82,2404,35,12,0.0291181364392678,0.0099833610648918,0.03411
