Population,Allele Count,Allele Number,Number of Homozygotes,Number of Heterozygotes,Homozygous Genotype Freq.,Heterozygous Genotype Freq.,Allele Frequency
Mazani,53,200,26,1,0.26,0.01,0.265
Zartoshti,46,200,23,0,0.23,0.0,0.23
Persian Gulf Islander,42,200,18,6,0.18,0.06,0.21
Sistani,28,200,13,2,0.13,0.02,0.14
Baloch,23,202,11,1,0.1089,0.0099,0.1139
Arab,13,204,6,1,0.0588,0.0098,0.06373
Gilaki,11,198,5,1,0.0505,0.0101,0.05556
Kurd,10,200,5,0,0.05,0.0,0.05
Turkmen,6,200,3,0,0.03,0.0,0.03
Azeri,4,200,2,0,0.02,0.0,0.02
Lur,2,200,1,0,0.01,0.0,0.01
Persian,2,200,1,0,0.01,0.0,0.01
Total,240,2404,114,12,0.0948419301164725,0.0099833610648918,0.09983
