Population,Allele Count,Allele Number,Number of Homozygotes,Number of Heterozygotes,Homozygous Genotype Freq.,Heterozygous Genotype Freq.,Allele Frequency
Gilaki,11,198,4,3,0.0404,0.0303,0.05556
Zartoshti,11,200,5,1,0.05,0.01,0.055
Sistani,10,200,4,2,0.04,0.02,0.05
Mazani,8,200,3,2,0.03,0.02,0.04
Persian Gulf Islander,8,200,4,0,0.04,0.0,0.04
Baloch,6,202,3,0,0.0297,0.0,0.0297
Arab,6,204,3,0,0.0294,0.0,0.02941
Azeri,4,200,2,0,0.02,0.0,0.02
Persian,4,200,2,0,0.02,0.0,0.02
Turkmen,4,200,2,0,0.02,0.0,0.02
Kurd,2,200,1,0,0.01,0.0,0.01
Lur,2,200,1,0,0.01,0.0,0.01
Total,76,2404,34,8,0.0282861896838602,0.0066555740432612,0.03161
