Population,Allele Count,Allele Number,Number of Homozygotes,Number of Heterozygotes,Homozygous Genotype Freq.,Heterozygous Genotype Freq.,Allele Frequency
Zartoshti,16,200,6,4,0.06,0.04,0.08
Mazani,15,200,6,3,0.06,0.03,0.075
Arab,15,204,7,1,0.0686,0.0098,0.07353
Sistani,11,200,5,1,0.05,0.01,0.055
Persian Gulf Islander,10,200,4,2,0.04,0.02,0.05
Baloch,9,202,4,1,0.0396,0.0099,0.04455
Kurd,8,200,4,0,0.04,0.0,0.04
Turkmen,7,200,3,1,0.03,0.01,0.035
Lur,6,200,2,2,0.02,0.02,0.03
Azeri,5,200,2,1,0.02,0.01,0.025
Gilaki,3,198,1,1,0.0101,0.0101,0.01515
Persian,2,200,1,0,0.01,0.0,0.01
Total,107,2404,45,17,0.0374376039933444,0.0141430948419301,0.04451
