Population,Allele Count,Allele Number,Number of Homozygotes,Number of Heterozygotes,Homozygous Genotype Freq.,Heterozygous Genotype Freq.,Allele Frequency
Sistani,90,200,43,4,0.43,0.04,0.45
Zartoshti,81,200,37,7,0.37,0.07,0.405
Persian Gulf Islander,79,200,39,1,0.39,0.01,0.395
Baloch,61,202,30,1,0.297,0.0099,0.302
Mazani,57,200,26,5,0.26,0.05,0.285
Arab,46,204,22,2,0.2157,0.0196,0.2255
Azeri,29,200,14,1,0.14,0.01,0.145
Kurd,28,200,13,2,0.13,0.02,0.14
Lur,25,200,12,1,0.12,0.01,0.125
Persian,24,200,12,0,0.12,0.0,0.12
Turkmen,19,200,9,1,0.09,0.01,0.095
Gilaki,15,198,7,1,0.0707,0.0101,0.07576
Total,554,2404,264,26,0.2196339434276206,0.021630615640599,0.2304
