Population,Allele Count,Allele Number,Number of Homozygotes,Number of Heterozygotes,Homozygous Genotype Freq.,Heterozygous Genotype Freq.,Allele Frequency
Gilaki,80,198,0,80,0.0,0.8081,0.404
Sistani,73,200,0,73,0.0,0.73,0.365
Persian Gulf Islander,72,200,0,72,0.0,0.72,0.36
Baloch,72,202,0,72,0.0,0.7129,0.3564
Mazani,71,200,0,71,0.0,0.71,0.355
Arab,70,204,0,70,0.0,0.6863,0.3431
Zartoshti,68,200,0,68,0.0,0.68,0.34
Kurd,66,200,0,66,0.0,0.66,0.33
Persian,65,200,0,65,0.0,0.65,0.325
Azeri,64,200,0,64,0.0,0.64,0.32
Lur,61,200,0,61,0.0,0.61,0.305
Turkmen,52,200,3,46,0.03,0.46,0.26
Total,814,2404,3,808,0.0024958402662229,0.6722129783693843,0.3386
