Population,Allele Count,Allele Number,Number of Homozygotes,Number of Heterozygotes,Homozygous Genotype Freq.,Heterozygous Genotype Freq.,Allele Frequency
Sistani,121,200,45,31,0.45,0.31,0.605
Persian Gulf Islander,108,200,42,24,0.42,0.24,0.54
Zartoshti,108,200,34,40,0.34,0.4,0.54
Baloch,107,202,39,29,0.3861,0.2871,0.5297
Mazani,97,200,35,27,0.35,0.27,0.485
Kurd,90,200,35,20,0.35,0.2,0.45
Arab,86,204,31,24,0.3039,0.2353,0.4216
Azeri,81,200,33,15,0.33,0.15,0.405
Gilaki,77,198,32,13,0.3232,0.1313,0.3889
Lur,60,200,19,22,0.19,0.22,0.3
Persian,47,200,18,11,0.18,0.11,0.235
Turkmen,47,200,18,11,0.18,0.11,0.235
Total,1029,2404,381,267,0.3169717138103161,0.2221297836938436,0.428
