Population,Allele Count,Allele Number,Number of Homozygotes,Number of Heterozygotes,Homozygous Genotype Freq.,Heterozygous Genotype Freq.,Allele Frequency
Zartoshti,67,200,28,11,0.28,0.11,0.335
Mazani,40,200,15,10,0.15,0.1,0.2
Sistani,39,200,15,9,0.15,0.09,0.195
Baloch,35,202,14,7,0.1386,0.0693,0.1733
Persian Gulf Islander,25,200,11,3,0.11,0.03,0.125
Gilaki,21,198,10,1,0.101,0.0101,0.1061
Kurd,21,200,9,3,0.09,0.03,0.105
Lur,19,200,8,3,0.08,0.03,0.095
Azeri,15,200,6,3,0.06,0.03,0.075
Arab,15,204,6,3,0.0588,0.0294,0.07353
Turkmen,14,200,7,0,0.07,0.0,0.07
Persian,12,200,5,2,0.05,0.02,0.06
Total,323,2404,134,55,0.1114808652246256,0.0457570715474209,0.1344
