Population,Allele Count,Allele Number,Number of Homozygotes,Number of Heterozygotes,Homozygous Genotype Freq.,Heterozygous Genotype Freq.,Allele Frequency
Zartoshti,28,200,13,2,0.13,0.02,0.14
Baloch,18,202,7,4,0.0693,0.0396,0.08911
Sistani,15,200,7,1,0.07,0.01,0.075
Mazani,10,200,4,2,0.04,0.02,0.05
Persian Gulf Islander,9,200,4,1,0.04,0.01,0.045
Arab,7,204,3,1,0.0294,0.0098,0.03431
Gilaki,5,198,2,1,0.0202,0.0101,0.02525
Kurd,4,200,2,0,0.02,0.0,0.02
Azeri,2,200,1,0,0.01,0.0,0.01
Turkmen,2,200,1,0,0.01,0.0,0.01
Lur,0,200,0,0,0.0,0.0,0.0
Persian,0,200,0,0,0.0,0.0,0.0
Total,100,2404,44,12,0.0366056572379367,0.0099833610648918,0.0416
