Population,Allele Count,Allele Number,Number of Homozygotes,Number of Heterozygotes,Homozygous Genotype Freq.,Heterozygous Genotype Freq.,Allele Frequency
Mazani,79,200,37,5,0.37,0.05,0.395
Persian Gulf Islander,72,200,35,2,0.35,0.02,0.36
Zartoshti,68,200,33,2,0.33,0.02,0.34
Sistani,51,200,24,3,0.24,0.03,0.255
Baloch,43,202,20,3,0.198,0.0297,0.2129
Gilaki,38,198,18,2,0.1818,0.0202,0.1919
Kurd,32,200,16,0,0.16,0.0,0.16
Turkmen,32,200,16,0,0.16,0.0,0.16
Azeri,26,200,13,0,0.13,0.0,0.13
Persian,26,200,13,0,0.13,0.0,0.13
Arab,24,204,12,0,0.1176,0.0,0.1176
Lur,19,200,9,1,0.09,0.01,0.095
Total,510,2404,246,18,0.2046589018302828,0.0149750415973377,0.2121
