Population,Allele Count,Allele Number,Number of Homozygotes,Number of Heterozygotes,Homozygous Genotype Freq.,Heterozygous Genotype Freq.,Allele Frequency
Persian Gulf Islander,32,200,12,8,0.12,0.08,0.16
Zartoshti,30,200,12,6,0.12,0.06,0.15
Mazani,25,200,9,7,0.09,0.07,0.125
Baloch,23,202,6,11,0.0594,0.1089,0.1139
Arab,16,204,3,10,0.0294,0.098,0.07843
Persian,15,200,7,1,0.07,0.01,0.075
Lur,14,200,6,2,0.06,0.02,0.07
Sistani,14,200,6,2,0.06,0.02,0.07
Azeri,11,200,4,3,0.04,0.03,0.055
Turkmen,6,200,2,2,0.02,0.02,0.03
Kurd,5,200,1,3,0.01,0.03,0.025
Gilaki,4,198,1,2,0.0101,0.0202,0.0202
Total,195,2404,69,57,0.0574043261231281,0.0474209650582362,0.08111
