Population,Allele Count,Allele Number,Number of Homozygotes,Number of Heterozygotes,Homozygous Genotype Freq.,Heterozygous Genotype Freq.,Allele Frequency
Zartoshti,121,200,57,7,0.57,0.07,0.605
Sistani,109,200,49,11,0.49,0.11,0.545
Mazani,100,200,41,18,0.41,0.18,0.5
Persian Gulf Islander,93,200,42,9,0.42,0.09,0.465
Baloch,81,202,37,7,0.3663,0.0693,0.401
Kurd,75,200,34,7,0.34,0.07,0.375
Arab,75,204,34,7,0.3333,0.0686,0.3676
Lur,61,200,30,1,0.3,0.01,0.305
Gilaki,60,198,28,4,0.2828,0.0404,0.303
Azeri,53,200,26,1,0.26,0.01,0.265
Persian,45,200,22,1,0.22,0.01,0.225
Turkmen,38,200,16,6,0.16,0.06,0.19
Total,911,2404,416,79,0.346089850249584,0.0657237936772046,0.379
