Population,Allele Count,Allele Number,Number of Homozygotes,Number of Heterozygotes,Homozygous Genotype Freq.,Heterozygous Genotype Freq.,Allele Frequency
Zartoshti,24,200,11,2,0.11,0.02,0.12
Mazani,17,200,8,1,0.08,0.01,0.085
Sistani,16,200,8,0,0.08,0.0,0.08
Arab,15,204,7,1,0.0686,0.0098,0.07353
Persian Gulf Islander,11,200,5,1,0.05,0.01,0.055
Baloch,9,202,4,1,0.0396,0.0099,0.04455
Turkmen,8,200,4,0,0.04,0.0,0.04
Kurd,6,200,3,0,0.03,0.0,0.03
Persian,6,200,3,0,0.03,0.0,0.03
Gilaki,3,198,1,1,0.0101,0.0101,0.01515
Azeri,2,200,1,0,0.01,0.0,0.01
Lur,2,200,1,0,0.01,0.0,0.01
Total,119,2404,56,7,0.0465890183028286,0.0058236272878535,0.0495
