Population,Allele Count,Allele Number,Number of Homozygotes,Number of Heterozygotes,Homozygous Genotype Freq.,Heterozygous Genotype Freq.,Allele Frequency
Sistani,15,200,7,1,0.07,0.01,0.075
Baloch,11,202,5,1,0.0495,0.0099,0.05446
Turkmen,10,200,5,0,0.05,0.0,0.05
Zartoshti,10,200,5,0,0.05,0.0,0.05
Mazani,6,200,3,0,0.03,0.0,0.03
Lur,4,200,2,0,0.02,0.0,0.02
Persian Gulf Islander,4,200,2,0,0.02,0.0,0.02
Kurd,3,200,1,1,0.01,0.01,0.015
Gilaki,2,198,1,0,0.0101,0.0,0.0101
Azeri,2,200,1,0,0.01,0.0,0.01
Persian,2,200,1,0,0.01,0.0,0.01
Arab,2,204,1,0,0.0098,0.0,0.009804
Total,71,2404,34,3,0.0282861896838602,0.0024958402662229,0.02953
