Population,Allele Count,Allele Number,Number of Homozygotes,Number of Heterozygotes,Homozygous Genotype Freq.,Heterozygous Genotype Freq.,Allele Frequency
Zartoshti,64,200,10,44,0.1,0.44,0.32
Arab,46,204,6,34,0.0588,0.3333,0.2255
Baloch,43,202,4,35,0.0396,0.3465,0.2129
Azeri,42,200,6,30,0.06,0.3,0.21
Sistani,41,200,6,29,0.06,0.29,0.205
Mazani,39,200,5,29,0.05,0.29,0.195
Persian Gulf Islander,39,200,6,27,0.06,0.27,0.195
Persian,37,200,3,31,0.03,0.31,0.185
Gilaki,33,198,3,27,0.0303,0.2727,0.1667
Lur,30,200,2,26,0.02,0.26,0.15
Turkmen,28,200,3,22,0.03,0.22,0.14
Kurd,26,200,3,20,0.03,0.2,0.13
Total,468,2404,57,354,0.0474209650582362,0.2945091514143095,0.1947
