Population,Allele Count,Allele Number,Number of Homozygotes,Number of Heterozygotes,Homozygous Genotype Freq.,Heterozygous Genotype Freq.,Allele Frequency
Zartoshti,53,200,23,7,0.23,0.07,0.265
Mazani,39,200,18,3,0.18,0.03,0.195
Azeri,36,200,16,4,0.16,0.04,0.18
Persian Gulf Islander,30,200,12,6,0.12,0.06,0.15
Turkmen,29,200,14,1,0.14,0.01,0.145
Baloch,28,202,11,6,0.1089,0.0594,0.1386
Sistani,23,200,10,3,0.1,0.03,0.115
Arab,23,204,9,5,0.0882,0.049,0.1127
Lur,19,200,8,3,0.08,0.03,0.095
Kurd,18,200,8,2,0.08,0.02,0.09
Gilaki,14,198,6,2,0.0606,0.0202,0.07071
Persian,8,200,3,2,0.03,0.02,0.04
Total,320,2404,138,44,0.1148086522462562,0.0366056572379367,0.1331
