Population,Allele Count,Allele Number,Number of Homozygotes,Number of Heterozygotes,Homozygous Genotype Freq.,Heterozygous Genotype Freq.,Allele Frequency
Zartoshti,124,200,44,36,0.44,0.36,0.62
Lur,115,200,36,43,0.36,0.43,0.575
Sistani,115,200,35,45,0.35,0.45,0.575
Azeri,112,200,39,34,0.39,0.34,0.56
Kurd,109,200,30,49,0.3,0.49,0.545
Mazani,109,200,28,53,0.28,0.53,0.545
Persian Gulf Islander,107,200,36,35,0.36,0.35,0.535
Persian,106,200,34,38,0.34,0.38,0.53
Baloch,102,202,28,46,0.2772,0.4554,0.505
Arab,98,204,30,38,0.2941,0.3725,0.4804
Gilaki,92,198,31,30,0.3131,0.303,0.4646
Turkmen,57,200,19,19,0.19,0.19,0.285
Total,1246,2404,390,466,0.324459234608985,0.3876871880199667,0.5183
