Population,Allele Count,Allele Number,Number of Homozygotes,Number of Heterozygotes,Homozygous Genotype Freq.,Heterozygous Genotype Freq.,Allele Frequency
Zartoshti,36,200,18,0,0.18,0.0,0.18
Sistani,29,200,14,1,0.14,0.01,0.145
Mazani,28,200,13,2,0.13,0.02,0.14
Gilaki,18,198,9,0,0.0909,0.0,0.09091
Persian Gulf Islander,18,200,9,0,0.09,0.0,0.09
Turkmen,18,200,9,0,0.09,0.0,0.09
Azeri,14,200,7,0,0.07,0.0,0.07
Baloch,14,202,7,0,0.0693,0.0,0.06931
Persian,13,200,6,1,0.06,0.01,0.065
Kurd,6,200,3,0,0.03,0.0,0.03
Lur,6,200,3,0,0.03,0.0,0.03
Arab,6,204,3,0,0.0294,0.0,0.02941
Total,206,2404,101,4,0.084026622296173,0.0033277870216306,0.08569
