Population,Allele Count,Allele Number,Number of Homozygotes,Number of Heterozygotes,Homozygous Genotype Freq.,Heterozygous Genotype Freq.,Allele Frequency
Turkmen,28,200,5,18,0.05,0.18,0.14
Zartoshti,26,200,1,24,0.01,0.24,0.13
Mazani,19,200,0,19,0.0,0.19,0.095
Sistani,17,200,1,15,0.01,0.15,0.085
Arab,14,204,0,14,0.0,0.1373,0.06863
Baloch,13,202,1,11,0.0099,0.1089,0.06436
Gilaki,12,198,0,12,0.0,0.1212,0.06061
Persian,12,200,2,8,0.02,0.08,0.06
Kurd,11,200,0,11,0.0,0.11,0.055
Azeri,10,200,0,10,0.0,0.1,0.05
Persian Gulf Islander,10,200,0,10,0.0,0.1,0.05
Lur,6,200,0,6,0.0,0.06,0.03
Total,178,2404,10,158,0.0083194675540765,0.1314475873544093,0.07404
