Population,Allele Count,Allele Number,Number of Homozygotes,Number of Heterozygotes,Homozygous Genotype Freq.,Heterozygous Genotype Freq.,Allele Frequency
Kurd,11,200,1,9,0.01,0.09,0.055
Mazani,10,200,0,10,0.0,0.1,0.05
Persian Gulf Islander,10,200,1,8,0.01,0.08,0.05
Baloch,10,202,0,10,0.0,0.099,0.0495
Gilaki,7,198,1,5,0.0101,0.0505,0.03535
Lur,7,200,0,7,0.0,0.07,0.035
Sistani,7,200,0,7,0.0,0.07,0.035
Persian,5,200,0,5,0.0,0.05,0.025
Zartoshti,4,200,0,4,0.0,0.04,0.02
Arab,4,204,0,4,0.0,0.0392,0.01961
Azeri,3,200,0,3,0.0,0.03,0.015
Turkmen,2,200,0,2,0.0,0.02,0.01
Total,80,2404,3,74,0.0024958402662229,0.0615640599001663,0.03328
