Population,Allele Count,Allele Number,Number of Homozygotes,Number of Heterozygotes,Homozygous Genotype Freq.,Heterozygous Genotype Freq.,Allele Frequency
Azeri,29,200,5,19,0.05,0.19,0.145
Persian Gulf Islander,27,200,4,19,0.04,0.19,0.135
Lur,25,200,2,21,0.02,0.21,0.125
Baloch,23,202,4,15,0.0396,0.1485,0.1139
Arab,23,204,3,17,0.0294,0.1667,0.1127
Persian,22,200,0,22,0.0,0.22,0.11
Sistani,20,200,1,18,0.01,0.18,0.1
Turkmen,20,200,1,18,0.01,0.18,0.1
Kurd,19,200,1,17,0.01,0.17,0.095
Gilaki,18,198,1,16,0.0101,0.1616,0.09091
Mazani,10,199,1,8,0.0101,0.0804,0.05025
Zartoshti,10,200,1,8,0.01,0.08,0.05
Total,246,2403,24,198,0.0199750312109862,0.1647940074906367,0.1024
