Population,Allele Count,Allele Number,Number of Homozygotes,Number of Heterozygotes,Homozygous Genotype Freq.,Heterozygous Genotype Freq.,Allele Frequency
Zartoshti,22,194,7,9,0.0722,0.0928,0.1134
Persian Gulf Islander,14,194,3,8,0.0309,0.0825,0.07216
Sistani,8,195,3,2,0.0308,0.0205,0.04103
Persian,7,195,2,3,0.0205,0.0308,0.0359
Arab,7,200,3,1,0.03,0.01,0.035
Mazani,6,188,1,4,0.0106,0.0426,0.03191
Turkmen,5,200,1,3,0.01,0.03,0.025
Baloch,3,189,1,1,0.0106,0.0106,0.01587
Azeri,3,190,1,1,0.0105,0.0105,0.01579
Kurd,2,192,0,2,0.0,0.0208,0.01042
Gilaki,0,197,0,0,0.0,0.0,0.0
Lur,0,195,0,0,0.0,0.0,0.0
Total,77,2329,22,34,0.0188922284242164,0.0291970802919708,0.03306
