Population,Allele Count,Allele Number,Number of Homozygotes,Number of Heterozygotes,Homozygous Genotype Freq.,Heterozygous Genotype Freq.,Allele Frequency
Mazani,55,200,22,11,0.22,0.11,0.275
Zartoshti,34,200,12,10,0.12,0.1,0.17
Baloch,34,202,14,6,0.1386,0.0594,0.1683
Persian Gulf Islander,29,200,11,7,0.11,0.07,0.145
Sistani,28,200,12,4,0.12,0.04,0.14
Kurd,25,200,10,5,0.1,0.05,0.125
Gilaki,23,198,8,7,0.0808,0.0707,0.1162
Turkmen,13,200,6,1,0.06,0.01,0.065
Arab,13,204,5,3,0.049,0.0294,0.06373
Azeri,7,200,2,3,0.02,0.03,0.035
Lur,3,200,1,1,0.01,0.01,0.015
Persian,0,200,0,0,0.0,0.0,0.0
Total,264,2404,103,58,0.0856905158069883,0.0482529118136439,0.1098
