Population,Allele Count,Allele Number,Number of Homozygotes,Number of Heterozygotes,Homozygous Genotype Freq.,Heterozygous Genotype Freq.,Allele Frequency
Baloch,17,202,2,13,0.0198,0.1287,0.08416
Persian Gulf Islander,16,200,0,16,0.0,0.16,0.08
Gilaki,13,198,0,13,0.0,0.1313,0.06566
Sistani,13,200,0,13,0.0,0.13,0.065
Arab,12,204,1,10,0.0098,0.098,0.05882
Kurd,11,200,0,11,0.0,0.11,0.055
Zartoshti,11,200,0,11,0.0,0.11,0.055
Lur,9,200,0,9,0.0,0.09,0.045
Persian,8,200,0,8,0.0,0.08,0.04
Turkmen,7,200,2,3,0.02,0.03,0.035
Mazani,6,200,0,6,0.0,0.06,0.03
Azeri,5,200,0,5,0.0,0.05,0.025
Total,128,2404,5,118,0.0041597337770382,0.0981697171381031,0.05324
