Population,Allele Count,Allele Number,Number of Homozygotes,Number of Heterozygotes,Homozygous Genotype Freq.,Heterozygous Genotype Freq.,Allele Frequency
Gilaki,76,198,16,44,0.1616,0.4444,0.3838
Mazani,71,200,11,49,0.11,0.49,0.355
Kurd,69,200,14,41,0.14,0.41,0.345
Zartoshti,68,200,11,46,0.11,0.46,0.34
Lur,67,200,13,41,0.13,0.41,0.335
Persian,64,200,13,38,0.13,0.38,0.32
Azeri,61,200,9,43,0.09,0.43,0.305
Sistani,57,200,8,41,0.08,0.41,0.285
Persian Gulf Islander,48,200,6,36,0.06,0.36,0.24
Baloch,47,202,3,41,0.0297,0.4059,0.2327
Arab,45,204,8,29,0.0784,0.2843,0.2206
Turkmen,39,200,7,25,0.07,0.25,0.195
Total,712,2404,119,474,0.0990016638935108,0.3943427620632279,0.2962
