Population,Allele Count,Allele Number,Number of Homozygotes,Number of Heterozygotes,Homozygous Genotype Freq.,Heterozygous Genotype Freq.,Allele Frequency
Zartoshti,21,190,5,11,0.0526,0.1158,0.1105
Persian Gulf Islander,14,187,2,10,0.0214,0.107,0.07487
Sistani,9,191,3,3,0.0314,0.0314,0.04712
Turkmen,8,199,2,4,0.0201,0.0402,0.0402
Persian,7,195,3,1,0.0308,0.0103,0.0359
Arab,7,198,3,1,0.0303,0.0101,0.03535
Mazani,5,188,1,3,0.0106,0.0319,0.0266
Baloch,4,187,1,2,0.0107,0.0214,0.02139
Azeri,3,190,1,1,0.0105,0.0105,0.01579
Gilaki,0,197,0,0,0.0,0.0,0.0
Kurd,0,189,0,0,0.0,0.0,0.0
Lur,0,194,0,0,0.0,0.0,0.0
Total,78,2305,21,36,0.0182212581344902,0.0312364425162689,0.03384
