Population,Allele Count,Allele Number,Number of Homozygotes,Number of Heterozygotes,Homozygous Genotype Freq.,Heterozygous Genotype Freq.,Allele Frequency
Mazani,36,200,11,14,0.11,0.14,0.18
Baloch,32,197,9,14,0.0914,0.1421,0.1624
Persian Gulf Islander,28,196,6,16,0.0612,0.1633,0.1429
Zartoshti,27,196,9,9,0.0918,0.0918,0.1378
Kurd,26,197,10,6,0.1015,0.0609,0.132
Sistani,21,196,8,5,0.0816,0.051,0.1071
Azeri,21,199,7,7,0.0704,0.0704,0.1055
Lur,17,199,6,5,0.0603,0.0503,0.08543
Persian,17,199,7,3,0.0704,0.0302,0.08543
Arab,17,201,6,5,0.0597,0.0498,0.08458
Turkmen,13,199,6,1,0.0603,0.0101,0.06533
Gilaki,11,198,5,1,0.0505,0.0101,0.05556
Total,266,2377,90,86,0.0757257046697517,0.0723601177955406,0.1119
