Population,Allele Count,Allele Number,Number of Homozygotes,Number of Heterozygotes,Homozygous Genotype Freq.,Heterozygous Genotype Freq.,Allele Frequency
Mazani,113,200,27,59,0.27,0.59,0.565
Kurd,103,200,24,55,0.24,0.55,0.515
Gilaki,99,198,25,49,0.2525,0.4949,0.5
Lur,100,200,22,56,0.22,0.56,0.5
Persian,97,200,24,49,0.24,0.49,0.485
Azeri,91,200,24,43,0.24,0.43,0.455
Persian Gulf Islander,84,200,17,50,0.17,0.5,0.42
Sistani,84,200,20,44,0.2,0.44,0.42
Baloch,81,202,15,51,0.1485,0.505,0.401
Zartoshti,76,200,15,46,0.15,0.46,0.38
Turkmen,74,200,17,40,0.17,0.4,0.37
Arab,56,204,8,40,0.0784,0.3922,0.2745
Total,1058,2404,238,582,0.1980033277870216,0.4841930116472546,0.4401
