Population,Allele Count,Allele Number,Number of Homozygotes,Number of Heterozygotes,Homozygous Genotype Freq.,Heterozygous Genotype Freq.,Allele Frequency
Persian Gulf Islander,20,200,6,8,0.06,0.08,0.1
Zartoshti,14,200,5,4,0.05,0.04,0.07
Baloch,11,202,3,5,0.0297,0.0495,0.05446
Arab,11,204,4,3,0.0392,0.0294,0.05392
Sistani,7,200,1,5,0.01,0.05,0.035
Kurd,5,200,1,3,0.01,0.03,0.025
Gilaki,4,198,2,0,0.0202,0.0,0.0202
Mazani,4,200,2,0,0.02,0.0,0.02
Lur,3,200,1,1,0.01,0.01,0.015
Persian,3,200,1,1,0.01,0.01,0.015
Turkmen,3,200,1,1,0.01,0.01,0.015
Azeri,1,200,0,1,0.0,0.01,0.005
Total,86,2404,27,32,0.0224625623960066,0.0266222961730449,0.03577
