Population,Allele Count,Allele Number,Number of Homozygotes,Number of Heterozygotes,Homozygous Genotype Freq.,Heterozygous Genotype Freq.,Allele Frequency
Mazani,43,200,15,13,0.15,0.13,0.215
Baloch,37,197,12,13,0.1218,0.132,0.1878
Persian Gulf Islander,32,196,7,18,0.0714,0.1837,0.1633
Kurd,30,197,12,6,0.1218,0.0609,0.1523
Zartoshti,29,195,10,9,0.1026,0.0923,0.1487
Azeri,28,199,9,10,0.0905,0.1005,0.1407
Arab,24,200,9,6,0.09,0.06,0.12
Persian,23,199,10,3,0.1005,0.0302,0.1156
Lur,22,199,8,6,0.0804,0.0603,0.1106
Sistani,21,196,8,5,0.0816,0.051,0.1071
Turkmen,17,199,8,1,0.0804,0.0101,0.08543
Gilaki,13,198,6,1,0.0606,0.0101,0.06566
Total,319,2375,114,91,0.096,0.0766315789473684,0.1343
