Population,Allele Count,Allele Number,Number of Homozygotes,Number of Heterozygotes,Homozygous Genotype Freq.,Heterozygous Genotype Freq.,Allele Frequency
Mazani,155,200,58,39,0.58,0.39,0.775
Gilaki,148,198,54,40,0.5455,0.404,0.7475
Kurd,144,200,50,44,0.5,0.44,0.72
Lur,140,200,47,46,0.47,0.46,0.7
Turkmen,137,200,48,41,0.48,0.41,0.685
Persian Gulf Islander,132,200,43,46,0.43,0.46,0.66
Zartoshti,132,200,44,44,0.44,0.44,0.66
Persian,131,200,40,51,0.4,0.51,0.655
Azeri,126,200,43,40,0.43,0.4,0.63
Sistani,125,200,41,43,0.41,0.43,0.625
Baloch,123,202,39,45,0.3861,0.4455,0.6089
Arab,112,204,32,48,0.3137,0.4706,0.549
Total,1605,2404,539,527,0.4484193011647254,0.4384359400998336,0.6676
