Population,Allele Count,Allele Number,Number of Homozygotes,Number of Heterozygotes,Homozygous Genotype Freq.,Heterozygous Genotype Freq.,Allele Frequency
Persian Gulf Islander,15,200,1,13,0.01,0.13,0.075
Mazani,8,200,1,6,0.01,0.06,0.04
Gilaki,7,198,0,7,0.0,0.0707,0.03535
Zartoshti,7,200,0,7,0.0,0.07,0.035
Azeri,6,200,1,4,0.01,0.04,0.03
Kurd,6,200,0,6,0.0,0.06,0.03
Persian,6,200,1,4,0.01,0.04,0.03
Lur,5,200,0,5,0.0,0.05,0.025
Turkmen,5,200,0,5,0.0,0.05,0.025
Arab,5,204,0,5,0.0,0.049,0.02451
Baloch,3,202,0,3,0.0,0.0297,0.01485
Sistani,1,200,0,1,0.0,0.01,0.005
Total,74,2404,4,66,0.0033277870216306,0.0549084858569051,0.03078
