Population,Allele Count,Allele Number,Number of Homozygotes,Number of Heterozygotes,Homozygous Genotype Freq.,Heterozygous Genotype Freq.,Allele Frequency
Sistani,105,200,10,85,0.1,0.85,0.525
Mazani,103,200,8,87,0.08,0.87,0.515
Baloch,100,202,10,80,0.099,0.7921,0.495
Kurd,98,200,5,88,0.05,0.88,0.49
Arab,99,204,6,87,0.0588,0.8529,0.4853
Zartoshti,96,200,6,84,0.06,0.84,0.48
Persian Gulf Islander,95,200,5,85,0.05,0.85,0.475
Gilaki,94,198,7,80,0.0707,0.8081,0.4747
Azeri,93,200,4,85,0.04,0.85,0.465
Turkmen,91,200,8,75,0.08,0.75,0.455
Lur,89,200,3,83,0.03,0.83,0.445
Persian,89,200,4,81,0.04,0.81,0.445
Total,1152,2404,76,1000,0.0632279534109817,0.831946755407654,0.4792
