Population,Allele Count,Allele Number,Number of Homozygotes,Number of Heterozygotes,Homozygous Genotype Freq.,Heterozygous Genotype Freq.,Allele Frequency
Lur,25,200,1,23,0.01,0.23,0.125
Arab,23,204,2,19,0.0196,0.1863,0.1127
Gilaki,21,198,1,19,0.0101,0.1919,0.1061
Turkmen,16,200,1,14,0.01,0.14,0.08
Azeri,15,200,1,13,0.01,0.13,0.075
Mazani,15,200,1,13,0.01,0.13,0.075
Zartoshti,15,200,0,15,0.0,0.15,0.075
Kurd,14,200,1,12,0.01,0.12,0.07
Sistani,13,200,1,11,0.01,0.11,0.065
Persian,11,200,0,11,0.0,0.11,0.055
Persian Gulf Islander,8,200,0,8,0.0,0.08,0.04
Baloch,7,202,0,7,0.0,0.0693,0.03465
Total,183,2404,9,165,0.0074875207986688,0.1372712146422628,0.07612
